step	loss
0	0.359833300113678
1	0.09272675961256027
2	0.05162553861737251
3	0.05226318910717964
4	0.02474181540310383
5	0.024605974555015564
6	0.023251201957464218
7	0.02369127981364727
8	0.023330260068178177
