{
    "train": {
        "loss": 0.044805023819208145
    },
    "eval": {
        "loss": 0.023330260068178177
    },
    "dice_multi": 0.8936461162229195,
    "step": 8
}